{"cameraMode":{"drawMode":0,"name":"Shaded","section":"Shading Mode"},"sceneLighting":false,"audioPlay":false,"sceneViewState":{"showFog":true,"showMaterialUpdate":false,"showSkybox":false,"showFlares":true,"showImageEffects":true,"showParticleSystems":true},"in2DMode":false,"pivot":{"x":-19.294918060302736,"y":59.168575286865237,"z":-35.82707214355469},"rotation":{"x":-0.042047880589962009,"y":-0.1085900217294693,"z":0.004590276163071394,"w":-0.9931989312171936},"size":21.21320343017578,"orthographic":false}