{"cameraMode":{"drawMode":0,"name":"Shaded","section":"Shading Mode"},"sceneLighting":false,"audioPlay":false,"sceneViewState":{"showFog":true,"showMaterialUpdate":false,"showSkybox":false,"showFlares":true,"showImageEffects":true,"showParticleSystems":true},"in2DMode":false,"pivot":{"x":2.820087432861328,"y":3.3521294593811037,"z":1.8706040382385255},"rotation":{"x":-0.006363679654896259,"y":0.9860280752182007,"z":-0.1677810400724411,"w":-0.022686675190925599},"size":2.721320152282715,"orthographic":false}