{"cameraMode":{"drawMode":0,"name":"Shaded","section":"Shading Mode"},"sceneLighting":false,"audioPlay":false,"sceneViewState":{"showFog":true,"showMaterialUpdate":false,"showSkybox":false,"showFlares":true,"showImageEffects":true,"showParticleSystems":true},"in2DMode":false,"pivot":{"x":-0.4408721923828125,"y":4.0230536460876469,"z":0.6062642335891724},"rotation":{"x":0.20812958478927613,"y":-0.6845182776451111,"z":0.21423973143100739,"w":0.6650533676147461},"size":2.625,"orthographic":false}