{"cameraMode":{"drawMode":0,"name":"Shaded","section":"Shading Mode"},"sceneLighting":false,"audioPlay":false,"sceneViewState":{"showFog":true,"showMaterialUpdate":false,"showSkybox":false,"showFlares":true,"showImageEffects":true,"showParticleSystems":true},"in2DMode":false,"pivot":{"x":331.0128479003906,"y":3.283571243286133,"z":-523.0289916992188},"rotation":{"x":0.0503079891204834,"y":0.8093279004096985,"z":-0.07126332819461823,"w":0.5815733075141907},"size":0.8660253882408142,"orthographic":false}