{"cameraMode":{"drawMode":0,"name":"Shaded","section":"Shading Mode"},"sceneLighting":false,"audioPlay":false,"sceneViewState":{"showFog":true,"showMaterialUpdate":false,"showSkybox":false,"showFlares":true,"showImageEffects":true,"showParticleSystems":true},"in2DMode":false,"pivot":{"x":47.16141891479492,"y":79.72361755371094,"z":-63.690406799316409},"rotation":{"x":0.008764965459704399,"y":0.9606242179870606,"z":-0.03057311661541462,"w":0.27615997195243838},"size":89.1754379272461,"orthographic":false}